first_name,last_name,email,password
Alva,Postans,apostans0@walmart.com,8MVBNs
Codie,Garrique,cgarrique1@bizjournals.com,1MK5p9D
Frants,Schoenfisch,fschoenfisch2@rambler.ru,hChqZOk
Cad,Oldcote,coldcote3@4shared.com,Rfig3ES
Stefa,Cuddon,scuddon4@tuttocitta.it,MO9WaR
Danika,Hender,dhender5@free.fr,W1Ml2vMWoyWG
Ailbert,Dreier,adreier6@com.com,wT3w0D8ocxO0
Lauryn,Zanussii,lzanussii7@microsoft.com,TiWXU4L1pf
Godfree,Croizier,gcroizier8@pbs.org,2jS32aU
Albrecht,Ottawell,aottawell9@yahoo.co.jp,Wekw2x
Marybelle,Skarman,mskarmana@elegantthemes.com,t00Wzt5a6l64
Barthel,Villiers,bvilliersb@bloomberg.com,46tN5L2Imyn
Christean,Ollerton,collertonc@goo.ne.jp,M1RGexlQ5
Maddie,Haskew,mhaskewd@ca.gov,ROxSzE20S
Yankee,Mcmanaman,ymcmanamane@microsoft.com,56JrFf
Tatum,Ritter,tritterf@eventbrite.com,UJ0LWm1s
Deedee,Barbara,dbarbarag@digg.com,ooL1oM
Mendy,Meikle,mmeikleh@ifeng.com,hqKkUl
Caro,Giraudy,cgiraudyi@yolasite.com,jjuEkU1Crpfl
Desiree,Paunton,dpauntonj@sogou.com,o9AAXTsKH
Renie,Bjorkan,rbjorkank@samsung.com,O92BoEWCcDKn
Trever,Antonellini,tantonellinil@cam.ac.uk,v7OG4KI
Sal,Klagges,sklaggesm@wikipedia.org,qseVPpqAb
Helaine,Brandino,hbrandinon@bandcamp.com,mgQtYXZanjj
Jakob,Ley,jleyo@admin.ch,7yOsrS
Dawna,Bonnier,dbonnierp@e-recht24.de,pKiL46M9jo
Edward,Jeppensen,ejeppensenq@godaddy.com,clbCGrcoSS
Nana,Hyndes,nhyndesr@t.co,fO1dksxR0k
Elsie,Barnbrook,ebarnbrooks@desdev.cn,EgJth29sn
Dorian,Mussared,dmussaredt@xing.com,S6BobF
Evelyn,Gianullo,egianullou@reference.com,kZW0VM
Laryssa,Leyden,lleydenv@joomla.org,z5dICcRAAAJD
Nedda,Twigge,ntwiggew@aol.com,7e3ldl610
Ashlie,Leber,aleberx@imgur.com,QgsjqAmYjZ
Katherina,Cometson,kcometsony@yellowpages.com,SRxmYp
Iris,Nutter,inutterz@1688.com,lSVRIJk
Mallorie,Dinning,mdinning10@sun.com,MZQZPgzfDSt
Eberhard,Crosbie,ecrosbie11@wp.com,85JzzyQ3oU
Doralynn,Peter,dpeter12@si.edu,k3JKEKTUAu
Dennet,Dellenbroker,ddellenbroker13@sfgate.com,Qx7JCF7YM8R
Gibb,Pickerell,gpickerell14@sogou.com,kH4OIHv1MOuI
Lisle,Leathem,lleathem15@state.gov,JqiyfqHUw
Lenka,Phillippo,lphillippo16@amazon.co.uk,ZGmNBjqW
Reagan,Mathewson,rmathewson17@gnu.org,d6skccXPwrGk
Nariko,Weitzel,nweitzel18@exblog.jp,jimzfcUevGZ
Bertine,Hovert,bhovert19@amazonaws.com,So8VLOI2W
Dion,Hyett,dhyett1a@imageshack.us,X2TDODpusYt
Sascha,Sander,ssander1b@bravesites.com,YOJYmnuub
Curry,MacCurlye,cmaccurlye1c@kickstarter.com,qKRsQf1rQ
Kahaleel,Wilce,kwilce1d@yelp.com,mPOhC2
Garvy,Macguire,gmacguire1e@sphinn.com,VzwnO7kZS
Florri,Ventam,fventam1f@tamu.edu,fYFGL8kJqvr
Lemmie,Puddle,lpuddle1g@ovh.net,jf9bWC
Kristine,Meert,kmeert1h@elegantthemes.com,OBHhsq0
Tanney,Sleightholm,tsleightholm1i@admin.ch,iftzVUnN
Ramsay,Theze,rtheze1j@gov.uk,7d9aIuNERRW
Gabriel,Zink,gzink1k@nba.com,a5WcKrcJgmtx
Carroll,Armes,carmes1l@list-manage.com,GnRageOG4r
Suki,Iacovielli,siacovielli1m@independent.co.uk,ynAIbEN5H
Feodor,Billam,fbillam1n@cornell.edu,7p0LXknjti
Eda,Goodship,egoodship1o@theatlantic.com,2Bo11sCx
Sauveur,Inglese,singlese1p@yandex.ru,oPmHuk4xQNg
Shep,Stailey,sstailey1q@tamu.edu,gVscIqCosS4
Noe,Sellner,nsellner1r@miibeian.gov.cn,v7Zr7I9
Manda,Naisbet,mnaisbet1s@purevolume.com,g90VyBMcQ
Emmey,Lacroutz,elacroutz1t@t.co,LGOIKUV
Porty,Murtimer,pmurtimer1u@opensource.org,FSJyLtkpT
Waylen,Whiteway,wwhiteway1v@theglobeandmail.com,zckqxRwspc3
Daveta,Meriguet,dmeriguet1w@theglobeandmail.com,eX88dq9UhQ
Tiebold,Diperaus,tdiperaus1x@tripadvisor.com,lAKzoDqh
Bettina,Degan,bdegan1y@berkeley.edu,NhZE7wE
Gina,Hugk,ghugk1z@desdev.cn,baf5UJArK03
Rorie,Bover,rbover20@joomla.org,OGSaHP3D
Drew,Schuricht,dschuricht21@unblog.fr,HntCLRJ
Willetta,Roma,wroma22@instagram.com,9cge3MI
Travis,Hoggan,thoggan23@boston.com,SgRNMUb
Roxane,Reah,rreah24@umich.edu,fzBozY3
Lorette,Quinnette,lquinnette25@rakuten.co.jp,RtE2s6m7Rzq
Pancho,Tschursch,ptschursch26@wix.com,hXv6sCqlb
Linell,Rudsdale,lrudsdale27@economist.com,djcJmzQrnd7
Flor,Gudgeon,fgudgeon28@cyberchimps.com,QbJtJCz
Frederick,Rasor,frasor29@apache.org,1GwEFCA9
Dela,Heiss,dheiss2a@behance.net,DO9hcC3A
Brien,Ritmeyer,britmeyer2b@merriam-webster.com,barifmaf
Taffy,Attewill,tattewill2c@census.gov,14dysfBV0OGF
Carma,Burnie,cburnie2d@google.de,v1YaiZ9hE0
Georgena,Exley,gexley2e@freewebs.com,pFkDvnPj
Tiffany,Edgcumbe,tedgcumbe2f@furl.net,ZJAmVpJD
Zaria,Feron,zferon2g@macromedia.com,U5UTwe
Keely,Huckerbe,khuckerbe2h@buzzfeed.com,sGpQGvg
Gaspard,Edmands,gedmands2i@nature.com,ioL0PMnf0R0o
Lisabeth,Nielson,lnielson2j@gizmodo.com,Nm0bPDs
Stevena,Fealty,sfealty2k@guardian.co.uk,aHWghOQbJ2U
Marlon,Dougliss,mdougliss2l@house.gov,SN7ydv
Egbert,Laight,elaight2m@slate.com,NJs0BJZE
Dottie,Meconi,dmeconi2n@cdbaby.com,UIF7OGSQ
Adria,McPhelimey,amcphelimey2o@w3.org,5ueUDHlJF
Georgianna,Grissett,ggrissett2p@wikispaces.com,USHuswL9C
Web,Rilings,wrilings2q@mediafire.com,qStC3mphtgba
Batholomew,Ratlee,bratlee2r@xing.com,7DzuZKZ
